date,temp_max,temp_min,precipitation_sum,precipitation_probability_max,windspeed_max,windgusts_max,weathercode,city,lat,lng
2026-09-16,25.7,21.2,0.0,0,13.9,36.4,45,Casablanca,33.5992,-7.62
2026-09-17,25.6,19.9,0.0,0,12.2,34.9,3,Casablanca,33.5992,-7.62
2026-09-18,25.0,18.9,0.0,0,13.0,34.9,45,Casablanca,33.5992,-7.62
2026-09-19,26.8,19.0,0.0,0,12.6,32.8,45,Casablanca,33.5992,-7.62
2026-09-20,29.5,21.8,0.0,0,10.5,28.8,2,Casablanca,33.5992,-7.62
2026-09-21,30.2,22.5,0.0,0,12.7,36.0,45,Casablanca,33.5992,-7.62
2026-09-22,29.1,21.7,0.0,0,11.5,30.2,45,Casablanca,33.5992,-7.62
2026-09-16,26.2,17.6,0.0,0,18.8,44.6,3,Tangier,35.7767,-5.8039
2026-09-17,26.8,17.9,0.0,0,12.4,29.5,3,Tangier,35.7767,-5.8039
2026-09-18,28.2,18.9,0.0,0,18.3,43.6,3,Tangier,35.7767,-5.8039
2026-09-19,27.8,21.9,0.0,0,29.8,72.7,2,Tangier,35.7767,-5.8039
2026-09-20,27.9,23.3,0.0,0,31.7,78.5,1,Tangier,35.7767,-5.8039
2026-09-21,26.6,22.6,0.0,0,38.9,74.9,1,Tangier,35.7767,-5.8039
2026-09-22,26.9,21.8,0.0,0,30.6,57.6,1,Tangier,35.7767,-5.8039
2026-09-16,31.7,20.9,0.0,0,17.4,43.2,1,Fès,34.0433,-5.0033
2026-09-17,28.7,18.5,0.0,0,11.5,31.0,3,Fès,34.0433,-5.0033
2026-09-18,31.1,17.9,0.0,0,10.5,28.1,3,Fès,34.0433,-5.0033
2026-09-19,34.1,20.8,0.0,0,16.4,41.8,1,Fès,34.0433,-5.0033
2026-09-20,35.3,22.0,0.0,3,16.4,41.8,2,Fès,34.0433,-5.0033
2026-09-21,34.8,21.9,0.0,0,13.9,35.6,1,Fès,34.0433,-5.0033
2026-09-22,35.3,20.7,0.0,0,10.2,25.6,3,Fès,34.0433,-5.0033
2026-09-16,34.8,21.9,0.0,0,12.7,34.9,1,Marrakech,31.6295,-7.9811
2026-09-17,30.4,18.7,0.0,0,10.5,31.0,2,Marrakech,31.6295,-7.9811
2026-09-18,31.9,18.9,0.0,0,7.6,22.7,3,Marrakech,31.6295,-7.9811
2026-09-19,35.8,20.8,0.3,0,7.8,24.1,80,Marrakech,31.6295,-7.9811
2026-09-20,39.0,24.2,0.3,23,11.9,36.4,3,Marrakech,31.6295,-7.9811
2026-09-21,37.7,24.1,0.0,3,18.2,31.7,3,Marrakech,31.6295,-7.9811
2026-09-22,37.6,24.2,0.6,3,16.4,29.5,3,Marrakech,31.6295,-7.9811
2026-09-16,25.8,21.1,0.0,0,15.4,38.5,2,Sale,34.05,-6.8167
2026-09-17,25.8,18.9,0.0,0,12.1,31.3,3,Sale,34.05,-6.8167
2026-09-18,25.6,17.9,0.0,0,13.4,33.8,45,Sale,34.05,-6.8167
2026-09-19,29.1,16.8,0.0,0,12.9,33.1,45,Sale,34.05,-6.8167
2026-09-20,35.5,20.0,0.0,0,11.8,30.6,1,Sale,34.05,-6.8167
2026-09-21,29.9,22.4,0.0,0,12.6,30.2,1,Sale,34.05,-6.8167
2026-09-22,27.5,21.0,0.0,0,10.5,24.8,45,Sale,34.05,-6.8167
2026-09-16,30.5,19.0,0.0,0,17.1,42.8,1,Meknès,33.8833,-5.55
2026-09-17,27.5,17.2,0.0,0,13.7,35.3,3,Meknès,33.8833,-5.55
2026-09-18,29.3,16.2,0.0,0,13.6,34.9,3,Meknès,33.8833,-5.55
2026-09-19,34.1,18.6,0.0,0,11.8,32.4,2,Meknès,33.8833,-5.55
2026-09-20,36.2,20.9,0.0,3,14.8,39.6,2,Meknès,33.8833,-5.55
2026-09-21,35.2,21.1,0.0,0,13.1,37.1,1,Meknès,33.8833,-5.55
2026-09-22,34.3,20.4,0.0,0,13.8,31.3,3,Meknès,33.8833,-5.55
2026-09-16,25.9,21.2,0.0,0,15.4,38.5,2,Rabat,34.0211,-6.8414
2026-09-17,25.9,18.9,0.0,0,12.1,31.3,3,Rabat,34.0211,-6.8414
2026-09-18,25.7,18.0,0.0,0,13.4,33.8,45,Rabat,34.0211,-6.8414
2026-09-19,29.1,16.8,0.0,0,12.9,33.1,45,Rabat,34.0211,-6.8414
2026-09-20,35.6,20.0,0.0,0,11.8,30.6,1,Rabat,34.0211,-6.8414
2026-09-21,30.0,22.4,0.0,0,12.6,30.2,1,Rabat,34.0211,-6.8414
2026-09-22,27.5,21.0,0.0,0,10.5,24.8,45,Rabat,34.0211,-6.8414
2026-09-16,36.4,25.0,0.0,0,15.4,34.6,1,Agadir,30.4214,-9.5831
2026-09-17,28.8,20.5,0.0,0,13.4,37.4,3,Agadir,30.4214,-9.5831
2026-09-18,27.0,20.1,0.0,0,14.1,39.2,2,Agadir,30.4214,-9.5831
2026-09-19,27.7,21.2,0.0,0,11.5,33.8,2,Agadir,30.4214,-9.5831
2026-09-20,27.6,21.1,0.0,0,13.3,36.7,45,Agadir,30.4214,-9.5831
2026-09-21,36.3,23.0,0.0,0,13.5,28.4,3,Agadir,30.4214,-9.5831
2026-09-22,39.6,25.6,0.0,0,13.0,30.2,3,Agadir,30.4214,-9.5831
2026-09-16,26.6,20.9,0.0,0,17.2,41.4,2,Kenitra,34.25,-6.5833
2026-09-17,26.8,18.6,0.0,0,11.5,29.5,3,Kenitra,34.25,-6.5833
2026-09-18,27.2,16.8,0.0,0,14.2,34.9,45,Kenitra,34.25,-6.5833
2026-09-19,33.0,16.4,0.0,0,14.9,39.2,45,Kenitra,34.25,-6.5833
2026-09-20,37.3,22.1,0.0,0,13.6,33.5,3,Kenitra,34.25,-6.5833
2026-09-21,34.6,22.2,0.0,0,12.4,31.2,0,Kenitra,34.25,-6.5833
2026-09-22,29.0,19.4,0.0,0,11.0,25.9,45,Kenitra,34.25,-6.5833
2026-09-16,33.1,15.6,0.0,0,18.7,40.3,3,Oujda-Angad,34.6867,-1.9114
2026-09-17,28.1,15.7,0.0,0,17.2,37.1,3,Oujda-Angad,34.6867,-1.9114
2026-09-18,27.9,16.7,0.0,3,19.6,42.1,45,Oujda-Angad,34.6867,-1.9114
2026-09-19,28.6,18.6,0.0,10,20.7,43.9,45,Oujda-Angad,34.6867,-1.9114
2026-09-20,28.4,18.9,0.0,5,20.6,43.6,45,Oujda-Angad,34.6867,-1.9114
2026-09-21,27.7,19.1,0.3,3,19.8,39.2,45,Oujda-Angad,34.6867,-1.9114
2026-09-22,29.4,18.4,0.0,3,18.0,38.2,45,Oujda-Angad,34.6867,-1.9114
2026-09-16,33.6,18.8,0.0,0,25.9,61.2,3,Tétouan,35.5667,-5.3667
2026-09-17,28.3,15.0,0.0,0,10.6,27.0,3,Tétouan,35.5667,-5.3667
2026-09-18,26.7,18.9,0.0,3,18.1,43.9,3,Tétouan,35.5667,-5.3667
2026-09-19,26.5,22.0,0.0,0,30.8,74.2,2,Tétouan,35.5667,-5.3667
2026-09-20,26.1,22.6,0.0,0,31.3,74.5,2,Tétouan,35.5667,-5.3667
2026-09-21,26.3,22.3,0.0,0,32.4,67.7,2,Tétouan,35.5667,-5.3667
2026-09-22,26.8,21.8,0.0,0,24.6,54.4,2,Tétouan,35.5667,-5.3667
2026-09-16,27.9,21.1,0.0,0,27.4,49.0,2,Safi,32.2833,-9.2333
2026-09-17,25.0,19.6,0.0,0,21.8,39.2,3,Safi,32.2833,-9.2333
2026-09-18,25.9,19.2,0.0,0,22.1,39.2,2,Safi,32.2833,-9.2333
2026-09-19,27.3,18.7,0.0,0,21.5,38.5,2,Safi,32.2833,-9.2333
2026-09-20,26.7,20.1,0.0,0,10.9,20.2,3,Safi,32.2833,-9.2333
2026-09-21,30.1,19.2,0.0,0,10.1,19.4,3,Safi,32.2833,-9.2333
2026-09-22,30.0,18.5,0.0,0,10.6,20.2,45,Safi,32.2833,-9.2333
2026-09-16,34.8,18.9,0.0,0,21.5,34.6,1,Taourirt,34.41,-2.89
2026-09-17,30.2,20.4,0.0,0,26.4,43.2,3,Taourirt,34.41,-2.89
2026-09-18,29.3,19.1,0.0,0,30.0,49.7,45,Taourirt,34.41,-2.89
2026-09-19,29.4,19.7,0.0,0,32.3,54.4,3,Taourirt,34.41,-2.89
2026-09-20,29.3,20.5,0.0,0,28.2,47.9,3,Taourirt,34.41,-2.89
2026-09-21,29.5,20.4,0.0,0,27.2,47.5,3,Taourirt,34.41,-2.89
2026-09-22,31.4,19.8,0.0,0,19.3,32.4,3,Taourirt,34.41,-2.89
2026-09-16,25.6,20.6,0.0,0,15.7,40.0,2,Temara,33.9234,-6.9076
2026-09-17,25.6,18.7,0.0,0,12.2,33.1,3,Temara,33.9234,-6.9076
2026-09-18,25.5,16.9,0.0,0,13.1,33.8,45,Temara,33.9234,-6.9076
2026-09-19,29.0,16.2,0.0,0,12.7,33.1,2,Temara,33.9234,-6.9076
2026-09-20,34.0,19.9,0.0,0,11.8,32.8,2,Temara,33.9234,-6.9076
2026-09-21,29.2,21.6,0.0,0,12.5,26.6,1,Temara,33.9234,-6.9076
2026-09-22,25.7,20.6,0.0,0,10.6,22.3,45,Temara,33.9234,-6.9076
2026-09-16,33.8,22.3,0.0,0,25.9,50.8,0,Laâyoune,27.15,-13.2
2026-09-17,28.1,21.6,0.0,0,32.3,60.5,3,Laâyoune,27.15,-13.2
2026-09-18,28.2,19.3,0.0,2,28.3,55.1,3,Laâyoune,27.15,-13.2
2026-09-19,29.1,18.7,0.0,0,24.7,47.9,3,Laâyoune,27.15,-13.2
2026-09-20,32.3,20.4,0.0,0,21.3,46.1,3,Laâyoune,27.15,-13.2
2026-09-21,37.4,20.1,0.0,1,22.2,46.1,0,Laâyoune,27.15,-13.2
2026-09-22,35.8,21.6,0.0,2,26.2,50.0,1,Laâyoune,27.15,-13.2
2026-09-16,25.1,21.6,0.0,0,18.2,32.8,2,El Jadid,33.2566,-8.5025
2026-09-17,25.4,20.5,0.0,0,15.3,28.1,3,El Jadid,33.2566,-8.5025
2026-09-18,25.1,19.8,0.0,0,19.6,34.6,3,El Jadid,33.2566,-8.5025
2026-09-19,25.8,20.8,0.0,0,17.4,31.3,2,El Jadid,33.2566,-8.5025
2026-09-20,27.5,21.5,0.0,0,14.7,28.8,2,El Jadid,33.2566,-8.5025
2026-09-21,28.2,21.9,0.0,0,13.9,28.4,45,El Jadid,33.2566,-8.5025
2026-09-22,27.5,20.6,0.0,0,11.6,24.1,45,El Jadid,33.2566,-8.5025
2026-09-16,30.6,21.9,0.0,0,19.1,37.1,1,Ait Melloul,30.3342,-9.4972
2026-09-17,27.5,21.2,0.0,0,16.8,33.5,3,Ait Melloul,30.3342,-9.4972
2026-09-18,26.7,20.2,0.0,0,18.5,37.1,2,Ait Melloul,30.3342,-9.4972
2026-09-19,26.6,20.8,0.0,0,18.8,37.1,3,Ait Melloul,30.3342,-9.4972
2026-09-20,27.2,20.6,0.0,0,18.4,38.2,2,Ait Melloul,30.3342,-9.4972
2026-09-21,36.6,20.2,0.0,0,13.5,28.4,45,Ait Melloul,30.3342,-9.4972
2026-09-22,39.9,25.8,0.0,0,13.0,30.2,3,Ait Melloul,30.3342,-9.4972
2026-09-16,33.1,21.9,0.0,0,18.8,39.6,1,Béni Mellal,32.3394,-6.3608
2026-09-17,29.8,19.2,0.0,0,10.4,24.8,3,Béni Mellal,32.3394,-6.3608
2026-09-18,31.6,18.8,0.0,0,9.6,29.2,3,Béni Mellal,32.3394,-6.3608
2026-09-19,35.7,22.1,0.0,0,14.1,34.9,2,Béni Mellal,32.3394,-6.3608
2026-09-20,37.3,24.9,0.0,3,19.8,45.4,3,Béni Mellal,32.3394,-6.3608
2026-09-21,36.5,25.4,0.9,0,19.1,35.6,3,Béni Mellal,32.3394,-6.3608
2026-09-22,36.5,26.1,0.0,0,19.7,36.7,2,Béni Mellal,32.3394,-6.3608
2026-09-16,27.0,20.0,0.0,0,16.1,39.2,45,Bouskoura,33.4489,-7.6486
2026-09-17,26.8,19.0,0.0,0,15.3,38.5,3,Bouskoura,33.4489,-7.6486
2026-09-18,27.1,17.0,0.0,0,16.2,39.2,45,Bouskoura,33.4489,-7.6486
2026-09-19,30.2,18.3,0.0,0,15.4,37.8,45,Bouskoura,33.4489,-7.6486
2026-09-20,34.0,21.4,0.0,0,14.4,37.1,2,Bouskoura,33.4489,-7.6486
2026-09-21,30.7,22.6,0.0,0,12.7,36.0,45,Bouskoura,33.4489,-7.6486
2026-09-22,28.3,20.9,0.0,0,11.5,30.2,45,Bouskoura,33.4489,-7.6486
2026-09-16,32.1,21.8,0.0,0,22.8,38.9,2,Tiznit,29.7,-9.7269
2026-09-17,23.7,19.8,0.0,0,23.0,37.8,3,Tiznit,29.7,-9.7269
2026-09-18,25.7,19.6,0.0,0,21.2,34.9,2,Tiznit,29.7,-9.7269
2026-09-19,28.0,20.2,0.0,0,13.7,24.1,2,Tiznit,29.7,-9.7269
2026-09-20,28.2,20.7,0.0,0,14.3,25.2,1,Tiznit,29.7,-9.7269
2026-09-21,30.2,22.0,0.0,0,14.2,23.8,3,Tiznit,29.7,-9.7269
2026-09-22,36.4,21.9,0.0,0,11.3,25.2,3,Tiznit,29.7,-9.7269
2026-09-16,25.2,20.7,0.0,0,15.5,36.7,2,Mohammedia,33.6833,-7.3833
2026-09-17,25.2,19.4,0.0,0,14.3,33.8,3,Mohammedia,33.6833,-7.3833
2026-09-18,24.4,17.6,0.0,0,13.9,33.5,3,Mohammedia,33.6833,-7.3833
2026-09-19,26.0,17.7,0.0,0,13.4,32.0,45,Mohammedia,33.6833,-7.3833
2026-09-20,29.2,20.3,0.0,0,11.5,28.1,2,Mohammedia,33.6833,-7.3833
2026-09-21,32.3,21.5,0.0,0,16.8,33.8,45,Mohammedia,33.6833,-7.3833
2026-09-22,30.6,21.3,0.0,0,15.4,28.4,45,Mohammedia,33.6833,-7.3833
2026-09-16,31.2,17.9,0.0,0,19.1,35.3,2,Kouribga,32.88,-6.9
2026-09-17,28.5,14.8,0.0,0,19.0,37.4,1,Kouribga,32.88,-6.9
2026-09-18,29.7,15.8,0.0,0,17.8,33.8,3,Kouribga,32.88,-6.9
2026-09-19,34.1,17.6,0.0,0,18.2,37.4,2,Kouribga,32.88,-6.9
2026-09-20,36.9,22.7,0.0,8,13.4,34.2,3,Kouribga,32.88,-6.9
2026-09-21,34.5,22.3,0.6,1,12.7,28.8,3,Kouribga,32.88,-6.9
2026-09-22,34.2,19.7,0.3,0,17.3,39.6,2,Kouribga,32.88,-6.9
2026-09-16,30.4,19.3,0.0,0,18.5,38.2,2,Settat,33.0023,-7.6198
2026-09-17,27.9,17.0,0.0,0,18.8,39.2,2,Settat,33.0023,-7.6198
2026-09-18,29.4,16.4,0.0,0,18.4,38.9,45,Settat,33.0023,-7.6198
2026-09-19,33.4,16.7,0.0,0,17.5,37.1,2,Settat,33.0023,-7.6198
2026-09-20,38.4,21.9,0.3,8,14.6,35.6,3,Settat,33.0023,-7.6198
2026-09-21,35.6,24.2,0.0,1,13.8,28.4,2,Settat,33.0023,-7.6198
2026-09-22,37.0,18.1,0.0,0,18.1,36.0,1,Settat,33.0023,-7.6198
2026-09-16,29.3,19.5,0.0,0,19.0,34.2,2,Barrechid,33.27,-7.5872
2026-09-17,28.0,17.7,0.0,0,18.4,33.1,3,Barrechid,33.27,-7.5872
2026-09-18,29.3,16.8,0.0,0,19.1,34.6,45,Barrechid,33.27,-7.5872
2026-09-19,33.3,16.7,0.0,0,18.0,32.8,45,Barrechid,33.27,-7.5872
2026-09-20,37.9,20.7,0.0,0,21.0,38.9,2,Barrechid,33.27,-7.5872
2026-09-21,34.2,22.6,0.0,0,18.6,33.1,2,Barrechid,33.27,-7.5872
2026-09-22,34.9,19.8,0.0,0,18.2,33.1,45,Barrechid,33.27,-7.5872
2026-09-16,23.8,22.1,0.0,2,35.1,43.9,0,Ad Dakhla,23.7167,-15.95
2026-09-17,22.1,20.3,0.0,0,41.9,53.6,2,Ad Dakhla,23.7167,-15.95
2026-09-18,21.3,20.4,0.0,0,36.4,45.4,0,Ad Dakhla,23.7167,-15.95
2026-09-19,21.0,20.1,0.0,0,30.6,38.5,0,Ad Dakhla,23.7167,-15.95
2026-09-20,21.4,19.6,0.0,0,32.9,43.2,0,Ad Dakhla,23.7167,-15.95
2026-09-21,22.3,19.8,0.0,9,30.0,39.2,1,Ad Dakhla,23.7167,-15.95
2026-09-22,21.9,20.5,0.0,6,27.6,37.1,0,Ad Dakhla,23.7167,-15.95
2026-09-16,29.7,21.6,0.0,0,10.2,25.2,2,Nador,35.1667,-2.9333
2026-09-17,26.4,22.0,0.0,0,14.5,31.7,3,Nador,35.1667,-2.9333
2026-09-18,25.4,21.8,0.1,3,14.8,33.1,3,Nador,35.1667,-2.9333
2026-09-19,25.4,22.7,0.7,0,23.2,50.4,80,Nador,35.1667,-2.9333
2026-09-20,25.1,23.4,3.6,0,21.3,45.0,80,Nador,35.1667,-2.9333
2026-09-21,26.4,22.7,0.75,3,22.2,38.5,3,Nador,35.1667,-2.9333
2026-09-22,27.0,21.2,0.0,0,19.4,34.2,45,Nador,35.1667,-2.9333
2026-09-16,31.1,19.0,0.0,0,24.1,50.4,1,Taza,34.2144,-4.0088
2026-09-17,29.5,17.5,0.0,0,14.4,31.0,3,Taza,34.2144,-4.0088
2026-09-18,29.3,17.9,0.0,0,17.5,36.7,3,Taza,34.2144,-4.0088
2026-09-19,29.1,19.1,0.0,0,23.8,49.3,3,Taza,34.2144,-4.0088
2026-09-20,29.3,19.9,0.0,0,23.6,49.3,3,Taza,34.2144,-4.0088
2026-09-21,29.2,19.7,0.0,0,22.0,42.3,2,Taza,34.2144,-4.0088
2026-09-22,31.7,18.5,0.0,0,10.9,23.0,2,Taza,34.2144,-4.0088
2026-09-16,31.9,22.3,0.0,0,10.9,31.0,45,Inezgane,30.3658,-9.5381
2026-09-17,27.1,20.6,0.0,0,13.3,38.2,3,Inezgane,30.3658,-9.5381
2026-09-18,25.5,19.8,0.0,0,14.1,40.3,2,Inezgane,30.3658,-9.5381
2026-09-19,25.6,20.6,0.0,0,13.3,38.2,3,Inezgane,30.3658,-9.5381
2026-09-20,26.0,19.9,0.0,0,13.8,40.0,45,Inezgane,30.3658,-9.5381
2026-09-21,36.6,20.4,0.0,0,13.5,28.4,3,Inezgane,30.3658,-9.5381
2026-09-22,39.9,25.9,0.0,0,13.0,30.2,3,Inezgane,30.3658,-9.5381
2026-09-16,26.4,18.0,0.0,0,18.2,34.2,3,Larache,35.1833,-6.15
2026-09-17,26.1,17.9,0.0,0,12.9,24.1,3,Larache,35.1833,-6.15
2026-09-18,26.7,15.1,0.0,0,17.4,33.8,45,Larache,35.1833,-6.15
2026-09-19,34.2,17.2,0.0,0,18.4,35.3,1,Larache,35.1833,-6.15
2026-09-20,37.6,21.9,0.0,0,16.6,33.1,1,Larache,35.1833,-6.15
2026-09-21,33.8,20.9,0.0,0,12.6,23.8,0,Larache,35.1833,-6.15
2026-09-22,33.0,18.7,0.0,0,15.0,28.1,1,Larache,35.1833,-6.15
2026-09-16,31.4,17.9,0.0,0,20.0,40.7,2,Al Khmissat,33.81,-6.06
2026-09-17,28.5,16.3,0.0,0,15.0,31.3,45,Al Khmissat,33.81,-6.06
2026-09-18,29.7,15.9,0.0,0,15.6,32.8,3,Al Khmissat,33.81,-6.06
2026-09-19,34.7,17.7,0.0,0,13.3,27.7,2,Al Khmissat,33.81,-6.06
2026-09-20,38.0,20.5,0.0,5,17.2,38.5,3,Al Khmissat,33.81,-6.06
2026-09-21,37.0,21.3,0.0,3,16.3,31.7,1,Al Khmissat,33.81,-6.06
2026-09-22,35.6,17.9,0.0,3,15.1,30.2,3,Al Khmissat,33.81,-6.06
2026-09-16,34.7,20.9,0.0,0,27.7,45.7,1,Guelmim,28.9833,-10.0667
2026-09-17,24.3,18.8,0.0,0,28.8,48.2,3,Guelmim,28.9833,-10.0667
2026-09-18,27.0,17.5,0.0,0,22.6,40.7,2,Guelmim,28.9833,-10.0667
2026-09-19,30.2,18.3,0.0,0,19.6,35.3,3,Guelmim,28.9833,-10.0667
2026-09-20,34.4,17.6,0.0,0,19.8,37.1,1,Guelmim,28.9833,-10.0667
2026-09-21,39.2,22.2,0.0,0,18.5,36.7,1,Guelmim,28.9833,-10.0667
2026-09-22,38.6,23.8,0.0,0,19.0,38.9,0,Guelmim,28.9833,-10.0667
2026-09-16,29.6,19.7,0.0,0,16.8,32.4,3,Ksar El Kebir,35.0,-5.9
2026-09-17,28.8,19.0,0.0,0,15.3,28.8,3,Ksar El Kebir,35.0,-5.9
2026-09-18,30.4,16.5,0.0,0,18.8,36.0,45,Ksar El Kebir,35.0,-5.9
2026-09-19,35.5,18.0,0.0,0,13.8,27.4,45,Ksar El Kebir,35.0,-5.9
2026-09-20,38.3,21.5,0.0,0,8.2,20.9,1,Ksar El Kebir,35.0,-5.9
2026-09-21,37.1,21.7,0.0,0,11.5,25.2,0,Ksar El Kebir,35.0,-5.9
2026-09-22,36.0,20.7,0.0,0,12.0,24.8,1,Ksar El Kebir,35.0,-5.9
2026-09-16,31.5,16.1,0.0,0,16.5,32.0,1,Khénifra,32.93,-5.66
2026-09-17,31.9,15.9,0.0,0,17.8,33.1,2,Khénifra,32.93,-5.66
2026-09-18,31.7,15.5,0.0,0,18.4,33.5,3,Khénifra,32.93,-5.66
2026-09-19,34.5,17.8,0.0,3,15.8,32.0,3,Khénifra,32.93,-5.66
2026-09-20,36.2,21.4,0.0,13,15.3,40.3,3,Khénifra,32.93,-5.66
2026-09-21,35.2,19.7,0.0,5,19.5,46.1,3,Khénifra,32.93,-5.66
2026-09-22,33.7,20.1,0.0,5,17.0,31.3,2,Khénifra,32.93,-5.66
2026-09-16,24.8,20.7,0.0,0,16.3,36.0,2,Skhirate,33.85,-7.03
2026-09-17,24.5,18.8,0.0,0,12.9,29.2,3,Skhirate,33.85,-7.03
2026-09-18,24.2,17.4,0.0,0,14.5,31.7,3,Skhirate,33.85,-7.03
2026-09-19,26.3,16.7,0.0,0,13.3,28.8,2,Skhirate,33.85,-7.03
2026-09-20,29.7,19.7,0.0,0,12.1,27.4,2,Skhirate,33.85,-7.03
2026-09-21,27.6,20.8,0.0,0,12.5,26.6,1,Skhirate,33.85,-7.03
2026-09-22,25.8,20.7,0.0,0,10.6,22.3,45,Skhirate,33.85,-7.03
2026-09-16,26.5,19.4,0.0,0,19.1,34.9,2,Beni Yakhlef,33.6555,-7.3221
2026-09-17,26.5,18.4,0.0,0,17.6,32.4,3,Beni Yakhlef,33.6555,-7.3221
2026-09-18,26.2,16.1,0.0,0,18.3,33.5,45,Beni Yakhlef,33.6555,-7.3221
2026-09-19,29.0,16.3,0.0,0,17.5,32.4,45,Beni Yakhlef,33.6555,-7.3221
2026-09-20,32.8,19.9,0.0,0,16.2,29.9,2,Beni Yakhlef,33.6555,-7.3221
2026-09-21,32.1,21.4,0.0,0,16.8,33.8,45,Beni Yakhlef,33.6555,-7.3221
2026-09-22,30.0,20.8,0.0,0,15.4,28.4,45,Beni Yakhlef,33.6555,-7.3221
2026-09-16,27.5,18.5,0.0,0,21.0,42.1,2,Sidi Yahya Zaer,33.7105,-6.8831
2026-09-17,26.9,16.2,0.0,0,17.1,34.2,45,Sidi Yahya Zaer,33.7105,-6.8831
2026-09-18,27.8,15.7,0.0,0,16.6,33.8,45,Sidi Yahya Zaer,33.7105,-6.8831
2026-09-19,32.3,16.3,0.0,0,16.5,33.5,2,Sidi Yahya Zaer,33.7105,-6.8831
2026-09-20,37.3,20.5,0.0,0,20.6,40.7,2,Sidi Yahya Zaer,33.7105,-6.8831
2026-09-21,34.1,21.6,0.0,0,17.9,36.7,1,Sidi Yahya Zaer,33.7105,-6.8831
2026-09-22,32.7,18.0,0.0,0,15.0,30.6,3,Sidi Yahya Zaer,33.7105,-6.8831
2026-09-16,33.1,19.8,0.0,0,21.0,40.7,2,Ben Guerir,32.23,-7.95
2026-09-17,28.9,16.7,0.0,0,17.3,34.9,3,Ben Guerir,32.23,-7.95
2026-09-18,30.3,16.4,0.0,0,16.3,33.1,2,Ben Guerir,32.23,-7.95
2026-09-19,34.3,18.1,0.0,0,16.9,34.6,2,Ben Guerir,32.23,-7.95
2026-09-20,38.2,24.4,0.3,10,13.2,27.0,3,Ben Guerir,32.23,-7.95
2026-09-21,36.4,24.7,0.0,1,18.1,32.0,3,Ben Guerir,32.23,-7.95
2026-09-22,37.0,21.8,0.0,0,21.5,39.2,3,Ben Guerir,32.23,-7.95
2026-09-16,32.1,22.3,0.0,0,25.4,41.0,1,Ait Ali,30.1739,-9.4881
2026-09-17,26.9,20.8,0.0,0,25.2,41.0,3,Ait Ali,30.1739,-9.4881
2026-09-18,26.8,19.9,0.0,0,23.2,37.4,2,Ait Ali,30.1739,-9.4881
2026-09-19,26.9,20.6,0.0,0,20.2,32.8,3,Ait Ali,30.1739,-9.4881
2026-09-20,27.5,20.6,0.0,0,19.2,33.8,2,Ait Ali,30.1739,-9.4881
2026-09-21,32.3,20.6,0.0,0,17.8,31.0,3,Ait Ali,30.1739,-9.4881
2026-09-22,38.1,22.6,0.0,0,17.7,32.0,3,Ait Ali,30.1739,-9.4881
2026-09-16,31.7,22.8,0.0,0,16.6,34.9,45,My Drarga,30.3805,-9.4763
2026-09-17,27.9,20.6,0.0,0,17.6,38.5,3,My Drarga,30.3805,-9.4763
2026-09-18,26.8,19.8,0.0,0,18.4,40.3,2,My Drarga,30.3805,-9.4763
2026-09-19,27.3,20.6,0.0,0,15.7,35.3,3,My Drarga,30.3805,-9.4763
2026-09-20,27.5,20.5,0.0,0,16.6,38.2,45,My Drarga,30.3805,-9.4763
2026-09-21,36.5,21.2,0.0,0,13.5,28.4,3,My Drarga,30.3805,-9.4763
2026-09-22,39.8,25.7,0.0,0,13.0,30.2,3,My Drarga,30.3805,-9.4763
2026-09-16,32.3,21.7,0.0,0,22.0,45.4,1,Lqoliaa,30.2942,-9.4544
2026-09-17,27.8,20.9,0.0,0,18.4,40.0,3,Lqoliaa,30.2942,-9.4544
2026-09-18,27.6,19.9,0.0,0,19.6,42.5,2,Lqoliaa,30.2942,-9.4544
2026-09-19,27.5,20.6,0.0,0,19.5,42.5,3,Lqoliaa,30.2942,-9.4544
2026-09-20,27.9,20.3,0.0,0,19.5,44.3,2,Lqoliaa,30.2942,-9.4544
2026-09-21,31.2,19.8,0.0,0,16.2,37.1,45,Lqoliaa,30.2942,-9.4544
2026-09-22,38.5,21.2,0.0,0,16.0,35.6,3,Lqoliaa,30.2942,-9.4544
2026-09-16,34.2,20.7,0.0,0,20.3,34.6,1,El Kelaa des Srarhna,32.05,-7.4
2026-09-17,30.2,17.6,0.0,0,16.6,28.4,3,El Kelaa des Srarhna,32.05,-7.4
2026-09-18,31.3,17.8,0.0,0,13.8,24.1,3,El Kelaa des Srarhna,32.05,-7.4
2026-09-19,35.4,19.3,0.0,0,17.7,30.2,2,El Kelaa des Srarhna,32.05,-7.4
2026-09-20,39.0,22.9,0.3,18,19.1,30.6,3,El Kelaa des Srarhna,32.05,-7.4
2026-09-21,34.9,23.2,0.3,7,12.7,23.8,3,El Kelaa des Srarhna,32.05,-7.4
2026-09-22,37.0,20.0,0.0,3,19.9,33.5,3,El Kelaa des Srarhna,32.05,-7.4
2026-09-16,25.9,21.5,0.0,0,20.3,31.7,45,Moulay Abdallah,33.1978,-8.5883
2026-09-17,26.1,20.2,0.0,0,17.1,27.0,3,Moulay Abdallah,33.1978,-8.5883
2026-09-18,26.0,19.6,0.0,0,21.1,34.2,3,Moulay Abdallah,33.1978,-8.5883
2026-09-19,26.9,20.7,0.0,0,18.8,30.2,2,Moulay Abdallah,33.1978,-8.5883
2026-09-20,30.0,21.5,0.0,0,16.7,29.5,2,Moulay Abdallah,33.1978,-8.5883
2026-09-21,27.4,21.3,0.0,0,14.4,26.3,45,Moulay Abdallah,33.1978,-8.5883
2026-09-22,27.6,20.4,0.0,0,12.1,23.8,45,Moulay Abdallah,33.1978,-8.5883
2026-09-16,29.4,19.0,0.0,0,20.5,41.0,2,Tiflet,33.9,-6.33
2026-09-17,27.9,16.4,0.0,0,15.6,32.0,45,Tiflet,33.9,-6.33
2026-09-18,29.4,15.9,0.0,0,16.6,34.2,3,Tiflet,33.9,-6.33
2026-09-19,34.4,17.7,0.0,0,16.6,34.2,3,Tiflet,33.9,-6.33
2026-09-20,38.2,21.0,0.0,5,16.9,37.1,3,Tiflet,33.9,-6.33
2026-09-21,37.6,22.7,0.0,1,17.7,36.7,1,Tiflet,33.9,-6.33
2026-09-22,35.3,20.4,0.0,0,15.7,32.4,3,Tiflet,33.9,-6.33
2026-09-16,35.7,21.9,0.0,0,22.0,41.4,1,Oulad Teïma,30.4,-9.21
2026-09-17,29.7,19.8,0.0,0,25.5,48.6,3,Oulad Teïma,30.4,-9.21
2026-09-18,30.0,19.2,0.0,0,22.4,42.5,2,Oulad Teïma,30.4,-9.21
2026-09-19,30.7,20.3,0.0,0,22.9,43.2,2,Oulad Teïma,30.4,-9.21
2026-09-20,30.3,20.0,0.0,0,25.3,48.2,2,Oulad Teïma,30.4,-9.21
2026-09-21,35.7,21.1,0.0,0,23.0,40.7,3,Oulad Teïma,30.4,-9.21
2026-09-22,40.3,21.7,0.0,0,13.6,27.0,3,Oulad Teïma,30.4,-9.21
2026-09-16,31.6,17.7,0.0,0,12.3,29.2,1,Berkane,34.9167,-2.3167
2026-09-17,25.7,18.5,0.0,0,15.8,33.8,3,Berkane,34.9167,-2.3167
2026-09-18,26.0,17.8,0.0,3,18.5,38.9,3,Berkane,34.9167,-2.3167
2026-09-19,26.2,19.2,0.0,0,24.2,49.0,45,Berkane,34.9167,-2.3167
2026-09-20,26.2,19.6,0.0,0,18.6,39.2,45,Berkane,34.9167,-2.3167
2026-09-21,27.1,19.4,0.0,3,14.6,29.2,45,Berkane,34.9167,-2.3167
2026-09-22,27.4,19.9,0.0,0,13.1,25.6,45,Berkane,34.9167,-2.3167
2026-09-16,26.9,18.6,0.0,0,20.8,41.0,2,Ain El Aouda,33.8111,-6.7922
2026-09-17,26.8,16.6,0.0,0,16.0,31.3,3,Ain El Aouda,33.8111,-6.7922
2026-09-18,28.0,15.3,0.0,0,16.1,32.0,45,Ain El Aouda,33.8111,-6.7922
2026-09-19,32.4,15.1,0.0,0,16.9,33.5,45,Ain El Aouda,33.8111,-6.7922
2026-09-20,37.2,19.2,0.0,0,17.9,36.0,2,Ain El Aouda,33.8111,-6.7922
2026-09-21,35.2,20.7,0.0,0,17.1,34.9,1,Ain El Aouda,33.8111,-6.7922
2026-09-22,33.4,18.8,0.0,0,15.0,29.2,45,Ain El Aouda,33.8111,-6.7922
2026-09-16,33.4,22.9,0.0,0,21.7,42.5,3,Errachidia,31.9319,-4.4244
2026-09-17,32.6,20.5,0.2,35,17.4,43.9,3,Errachidia,31.9319,-4.4244
2026-09-18,32.4,19.9,0.0,35,16.6,33.1,3,Errachidia,31.9319,-4.4244
2026-09-19,32.2,20.5,0.0,12,8.7,20.2,3,Errachidia,31.9319,-4.4244
2026-09-20,32.4,22.2,0.0,13,8.0,20.2,3,Errachidia,31.9319,-4.4244
2026-09-21,30.4,22.0,2.1,36,17.4,28.4,80,Errachidia,31.9319,-4.4244
2026-09-22,30.6,18.3,0.0,38,14.0,24.5,3,Errachidia,31.9319,-4.4244
2026-09-16,35.4,18.6,0.0,0,17.1,32.8,2,Al Fqih Ben Çalah,32.507,-6.6886
2026-09-17,33.2,16.2,0.0,0,15.5,29.5,2,Al Fqih Ben Çalah,32.507,-6.6886
2026-09-18,33.7,16.9,0.0,0,9.7,18.7,3,Al Fqih Ben Çalah,32.507,-6.6886
2026-09-19,38.1,18.7,0.0,2,13.0,25.2,2,Al Fqih Ben Çalah,32.507,-6.6886
2026-09-20,40.3,23.4,0.0,8,12.1,25.2,3,Al Fqih Ben Çalah,32.507,-6.6886
2026-09-21,37.5,24.1,0.9,4,15.1,28.8,80,Al Fqih Ben Çalah,32.507,-6.6886
2026-09-22,38.2,19.3,0.0,0,16.2,28.8,1,Al Fqih Ben Çalah,32.507,-6.6886
2026-09-16,27.8,19.7,0.0,0,17.1,33.5,45,Ad Darwa,33.4167,-7.5333
2026-09-17,27.4,18.7,0.0,0,16.1,32.0,3,Ad Darwa,33.4167,-7.5333
2026-09-18,27.7,16.5,0.0,0,17.5,34.2,45,Ad Darwa,33.4167,-7.5333
2026-09-19,30.8,17.8,0.0,0,16.8,33.1,45,Ad Darwa,33.4167,-7.5333
2026-09-20,35.0,21.2,0.0,0,16.2,32.8,2,Ad Darwa,33.4167,-7.5333
2026-09-21,35.1,22.7,0.0,0,17.7,35.3,2,Ad Darwa,33.4167,-7.5333
2026-09-22,34.5,20.5,0.0,0,17.0,32.4,45,Ad Darwa,33.4167,-7.5333
2026-09-16,32.9,19.8,0.0,0,23.5,54.0,3,Martil,35.61,-5.27
2026-09-17,26.1,17.1,0.0,0,13.4,30.6,3,Martil,35.61,-5.27
2026-09-18,24.8,19.6,0.0,3,16.9,37.8,3,Martil,35.61,-5.27
2026-09-19,24.5,21.9,1.2,3,25.9,57.2,80,Martil,35.61,-5.27
2026-09-20,24.7,22.5,0.6,19,23.8,52.6,80,Martil,35.61,-5.27
2026-09-21,25.2,21.9,0.0,3,28.2,49.0,2,Martil,35.61,-5.27
2026-09-22,25.2,21.5,0.0,0,19.5,34.9,2,Martil,35.61,-5.27
2026-09-16,30.6,20.6,0.0,0,20.7,43.2,2,Sidi Slimane,34.26,-5.93
2026-09-17,29.2,19.0,0.0,0,13.5,29.2,3,Sidi Slimane,34.26,-5.93
2026-09-18,31.7,16.8,0.0,0,16.9,37.4,45,Sidi Slimane,34.26,-5.93
2026-09-19,37.1,18.0,0.0,0,15.1,29.9,2,Sidi Slimane,34.26,-5.93
2026-09-20,39.7,23.5,0.0,0,19.1,39.6,2,Sidi Slimane,34.26,-5.93
2026-09-21,38.0,24.4,0.0,0,17.8,35.6,2,Sidi Slimane,34.26,-5.93
2026-09-22,36.8,21.2,0.0,0,13.8,30.6,3,Sidi Slimane,34.26,-5.93
2026-09-16,31.9,18.5,0.0,0,17.6,38.5,2,Oued Zem,32.8619,-6.5711
2026-09-17,30.5,15.8,0.0,0,16.7,32.8,1,Oued Zem,32.8619,-6.5711
2026-09-18,31.1,16.6,0.0,0,16.8,36.7,3,Oued Zem,32.8619,-6.5711
2026-09-19,34.8,18.1,0.0,0,19.8,39.2,2,Oued Zem,32.8619,-6.5711
2026-09-20,36.9,23.1,0.3,8,11.9,41.4,3,Oued Zem,32.8619,-6.5711
2026-09-21,34.5,22.3,0.3,3,15.3,28.1,3,Oued Zem,32.8619,-6.5711
2026-09-22,34.2,21.1,0.0,3,19.7,37.8,2,Oued Zem,32.8619,-6.5711
2026-09-16,29.6,19.6,0.0,0,17.2,36.4,2,Sefrou,33.83,-4.83
2026-09-17,26.3,17.2,0.0,0,16.0,36.0,3,Sefrou,33.83,-4.83
2026-09-18,27.7,17.1,0.0,0,15.7,35.3,3,Sefrou,33.83,-4.83
2026-09-19,30.9,19.5,0.0,0,18.4,41.0,1,Sefrou,33.83,-4.83
2026-09-20,32.6,22.9,0.0,5,17.3,38.2,2,Sefrou,33.83,-4.83
2026-09-21,31.7,19.8,0.0,1,14.1,28.1,1,Sefrou,33.83,-4.83
2026-09-22,32.0,16.1,0.0,0,14.6,29.2,3,Sefrou,33.83,-4.83
2026-09-16,37.6,24.4,0.0,3,23.3,44.6,2,Taroudannt,30.4711,-8.8778
2026-09-17,30.8,19.0,0.0,0,24.5,49.0,3,Taroudannt,30.4711,-8.8778
2026-09-18,31.3,18.7,0.0,0,21.3,42.5,2,Taroudannt,30.4711,-8.8778
2026-09-19,32.9,21.0,0.0,0,20.5,42.5,2,Taroudannt,30.4711,-8.8778
2026-09-20,33.2,21.6,0.0,0,22.4,46.8,2,Taroudannt,30.4711,-8.8778
2026-09-21,40.4,22.9,0.0,0,28.5,50.0,3,Taroudannt,30.4711,-8.8778
2026-09-22,39.0,22.1,0.0,0,12.8,24.1,3,Taroudannt,30.4711,-8.8778
2026-09-16,25.3,20.3,0.0,0,36.7,67.3,1,Essaouira,31.513,-9.7687
2026-09-17,23.9,19.1,0.0,0,29.8,54.0,1,Essaouira,31.513,-9.7687
2026-09-18,24.2,19.4,0.0,0,29.8,54.0,1,Essaouira,31.513,-9.7687
2026-09-19,24.9,19.1,0.0,0,30.7,55.8,2,Essaouira,31.513,-9.7687
2026-09-20,24.1,19.6,0.0,0,15.5,28.4,2,Essaouira,31.513,-9.7687
2026-09-21,29.5,19.6,0.0,0,9.7,19.1,45,Essaouira,31.513,-9.7687
2026-09-22,31.0,20.6,0.0,0,10.0,22.3,3,Essaouira,31.513,-9.7687
2026-09-16,26.4,14.0,0.0,0,16.6,39.2,1,Azrou,33.4344,-5.2213
2026-09-17,26.2,15.0,0.0,0,16.2,36.0,3,Azrou,33.4344,-5.2213
2026-09-18,26.2,14.3,0.0,0,14.8,34.6,3,Azrou,33.4344,-5.2213
2026-09-19,29.1,16.7,0.0,8,15.8,49.3,3,Azrou,33.4344,-5.2213
2026-09-20,30.0,20.0,0.3,18,18.0,39.2,2,Azrou,33.4344,-5.2213
2026-09-21,29.0,18.2,0.0,5,23.7,59.0,2,Azrou,33.4344,-5.2213
2026-09-22,28.6,17.9,0.0,5,19.1,45.4,3,Azrou,33.4344,-5.2213
2026-09-16,34.5,18.7,0.0,0,25.6,50.0,1,Guercif,34.23,-3.36
2026-09-17,30.9,20.0,0.0,0,26.6,50.4,3,Guercif,34.23,-3.36
2026-09-18,30.1,18.8,0.0,0,29.7,55.1,3,Guercif,34.23,-3.36
2026-09-19,29.9,20.2,0.0,0,32.7,63.0,3,Guercif,34.23,-3.36
2026-09-20,30.1,21.0,0.0,0,28.4,56.2,3,Guercif,34.23,-3.36
2026-09-21,30.6,20.9,0.0,0,28.5,52.6,3,Guercif,34.23,-3.36
2026-09-22,32.2,20.2,0.0,0,23.7,39.6,3,Guercif,34.23,-3.36
2026-09-16,33.2,18.5,0.0,0,24.1,42.5,2,Warzat,30.9167,-6.9167
2026-09-17,31.0,18.2,0.2,30,19.9,41.0,80,Warzat,30.9167,-6.9167
2026-09-18,31.9,17.7,0.5,3,19.0,31.3,80,Warzat,30.9167,-6.9167
2026-09-19,31.3,19.7,0.0,2,11.8,24.8,3,Warzat,30.9167,-6.9167
2026-09-20,32.8,19.2,0.0,3,10.9,21.2,3,Warzat,30.9167,-6.9167
2026-09-21,31.2,20.6,0.0,3,16.0,30.2,3,Warzat,30.9167,-6.9167
2026-09-22,32.2,17.4,0.3,3,31.6,53.3,3,Warzat,30.9167,-6.9167
2026-09-16,29.7,19.3,0.0,0,29.8,59.0,3,Fnidq,35.8414,-5.3587
2026-09-17,27.8,18.0,0.0,0,11.2,23.4,3,Fnidq,35.8414,-5.3587
2026-09-18,24.7,19.2,0.0,3,15.1,30.2,45,Fnidq,35.8414,-5.3587
2026-09-19,23.9,21.4,2.4,3,21.8,42.5,80,Fnidq,35.8414,-5.3587
2026-09-20,24.3,21.8,3.3,19,26.7,51.1,80,Fnidq,35.8414,-5.3587
2026-09-21,25.2,21.6,0.0,3,28.2,49.0,2,Fnidq,35.8414,-5.3587
2026-09-22,25.2,21.5,0.0,0,19.5,34.9,2,Fnidq,35.8414,-5.3587
2026-09-16,30.5,20.8,0.0,0,24.1,43.9,0,Tan-Tan,28.4333,-11.1
2026-09-17,25.7,20.3,0.0,2,31.4,55.1,3,Tan-Tan,28.4333,-11.1
2026-09-18,25.8,19.6,0.0,1,27.0,49.3,1,Tan-Tan,28.4333,-11.1
2026-09-19,25.9,19.7,0.0,0,19.8,38.5,3,Tan-Tan,28.4333,-11.1
2026-09-20,29.8,18.5,0.0,0,17.1,34.9,3,Tan-Tan,28.4333,-11.1
2026-09-21,36.5,19.7,0.0,2,20.8,39.2,0,Tan-Tan,28.4333,-11.1
2026-09-22,33.6,21.4,0.0,0,18.0,39.2,0,Tan-Tan,28.4333,-11.1
2026-09-16,31.4,20.6,0.0,0,20.1,41.8,2,Sidi Qacem,34.21,-5.7
2026-09-17,29.1,19.0,0.0,0,13.1,29.2,3,Sidi Qacem,34.21,-5.7
2026-09-18,31.6,17.7,0.0,0,14.5,32.4,45,Sidi Qacem,34.21,-5.7
2026-09-19,36.6,19.3,0.0,0,14.6,32.0,2,Sidi Qacem,34.21,-5.7
2026-09-20,38.7,24.6,0.0,0,17.0,36.4,1,Sidi Qacem,34.21,-5.7
2026-09-21,37.5,25.2,0.0,0,15.8,33.3,1,Sidi Qacem,34.21,-5.7
2026-09-22,36.8,21.5,0.0,0,13.5,29.9,3,Sidi Qacem,34.21,-5.7
2026-09-16,32.7,19.7,0.0,0,23.5,54.0,3,M’diq,35.68,-5.32
2026-09-17,26.0,16.9,0.0,0,13.4,30.6,3,M’diq,35.68,-5.32
2026-09-18,24.7,19.5,0.0,3,16.9,37.8,3,M’diq,35.68,-5.32
2026-09-19,24.4,21.7,1.2,0,25.9,57.2,80,M’diq,35.68,-5.32
2026-09-20,24.6,22.3,0.6,0,23.8,52.6,80,M’diq,35.68,-5.32
2026-09-21,26.5,22.1,0.0,0,32.4,67.7,2,M’diq,35.68,-5.32
2026-09-22,27.1,22.1,0.0,0,24.6,54.4,2,M’diq,35.68,-5.32
2026-09-16,32.4,19.9,0.0,0,20.3,41.0,2,Youssoufia,32.25,-8.53
2026-09-17,28.4,17.7,0.0,0,18.3,38.5,3,Youssoufia,32.25,-8.53
2026-09-18,30.1,17.1,0.0,0,17.3,36.0,45,Youssoufia,32.25,-8.53
2026-09-19,33.4,16.4,0.0,0,16.3,34.2,45,Youssoufia,32.25,-8.53
2026-09-20,38.5,22.4,0.0,3,16.8,40.7,2,Youssoufia,32.25,-8.53
2026-09-21,36.3,21.9,0.0,0,17.4,32.8,2,Youssoufia,32.25,-8.53
2026-09-22,37.1,19.9,0.0,0,20.6,37.8,3,Youssoufia,32.25,-8.53
2026-09-16,27.1,17.0,0.0,0,24.7,45.4,1,Midalt,32.68,-4.74
2026-09-17,29.1,14.0,0.7,13,21.2,41.4,80,Midalt,32.68,-4.74
2026-09-18,27.9,13.4,0.0,5,21.9,40.0,3,Midalt,32.68,-4.74
2026-09-19,28.7,13.2,0.0,23,22.0,37.8,3,Midalt,32.68,-4.74
2026-09-20,28.3,14.8,0.0,23,23.6,47.2,3,Midalt,32.68,-4.74
2026-09-21,30.0,14.8,0.0,8,26.1,44.6,3,Midalt,32.68,-4.74
2026-09-22,28.8,13.7,0.0,5,22.7,36.0,3,Midalt,32.68,-4.74
2026-09-16,26.0,20.8,0.0,0,14.8,38.2,2,Aïn Harrouda,33.6372,-7.4483
2026-09-17,26.0,19.4,0.0,0,14.0,36.7,3,Aïn Harrouda,33.6372,-7.4483
2026-09-18,25.4,17.6,0.0,0,13.6,35.6,3,Aïn Harrouda,33.6372,-7.4483
2026-09-19,27.3,17.7,0.0,0,12.7,33.8,45,Aïn Harrouda,33.6372,-7.4483
2026-09-20,30.5,20.8,0.0,0,10.9,29.5,2,Aïn Harrouda,33.6372,-7.4483
2026-09-21,30.0,21.7,0.0,0,13.7,33.8,45,Aïn Harrouda,33.6372,-7.4483
2026-09-22,27.6,22.0,0.0,0,11.4,27.4,45,Aïn Harrouda,33.6372,-7.4483
2026-09-16,35.8,20.6,0.0,0,15.5,26.6,1,Souq Sebt Oulad Nemma,32.3,-6.7
2026-09-17,32.7,17.8,0.0,0,15.0,27.7,2,Souq Sebt Oulad Nemma,32.3,-6.7
2026-09-18,33.8,18.1,0.0,0,11.0,19.1,3,Souq Sebt Oulad Nemma,32.3,-6.7
2026-09-19,38.3,19.4,0.0,0,11.6,20.9,3,Souq Sebt Oulad Nemma,32.3,-6.7
2026-09-20,40.4,22.5,0.0,8,14.3,42.1,3,Souq Sebt Oulad Nemma,32.3,-6.7
2026-09-21,37.7,24.0,0.6,3,12.6,26.6,3,Souq Sebt Oulad Nemma,32.3,-6.7
2026-09-22,38.5,20.5,0.0,0,16.2,29.2,0,Souq Sebt Oulad Nemma,32.3,-6.7
2026-09-16,26.3,21.0,0.0,0,17.2,37.8,2,Mehdya,34.2557,-6.6745
2026-09-17,26.2,18.8,0.0,0,11.4,27.0,3,Mehdya,34.2557,-6.6745
2026-09-18,26.3,17.4,0.0,0,14.9,32.8,45,Mehdya,34.2557,-6.6745
2026-09-19,32.4,16.9,0.0,0,15.8,34.9,45,Mehdya,34.2557,-6.6745
2026-09-20,35.8,21.8,0.0,0,14.3,32.0,3,Mehdya,34.2557,-6.6745
2026-09-21,34.6,22.2,0.0,0,13.0,30.2,0,Mehdya,34.2557,-6.6745
2026-09-22,29.0,19.4,0.0,0,11.0,25.9,45,Mehdya,34.2557,-6.6745
2026-09-16,29.8,17.2,0.0,0,16.9,33.8,3,Ouezzane,34.8,-5.6
2026-09-17,28.5,16.3,0.0,0,16.3,31.7,3,Ouezzane,34.8,-5.6
2026-09-18,30.7,15.5,0.0,0,17.1,33.5,3,Ouezzane,34.8,-5.6
2026-09-19,35.8,17.6,0.0,0,12.9,29.2,2,Ouezzane,34.8,-5.6
2026-09-20,37.4,20.0,0.0,0,13.7,30.2,1,Ouezzane,34.8,-5.6
2026-09-21,36.6,20.2,0.0,0,12.4,28.1,0,Ouezzane,34.8,-5.6
2026-09-22,36.0,19.7,0.0,0,11.3,25.9,1,Ouezzane,34.8,-5.6
2026-09-16,39.0,23.5,0.0,0,29.7,50.4,0,Semara,26.7394,-11.6703
2026-09-17,31.0,20.7,0.0,0,30.6,52.2,3,Semara,26.7394,-11.6703
2026-09-18,30.2,19.8,0.0,0,25.3,46.1,3,Semara,26.7394,-11.6703
2026-09-19,32.2,18.3,0.0,0,20.4,33.8,3,Semara,26.7394,-11.6703
2026-09-20,37.2,18.0,0.0,0,19.7,30.6,3,Semara,26.7394,-11.6703
2026-09-21,41.1,23.5,0.0,9,19.7,35.6,1,Semara,26.7394,-11.6703
2026-09-22,41.2,26.7,0.0,4,24.6,51.1,1,Semara,26.7394,-11.6703
2026-09-16,32.9,20.3,0.0,0,16.6,32.8,2,Ait Ourir,31.5644,-7.6628
2026-09-17,28.6,17.0,0.0,0,11.1,22.7,2,Ait Ourir,31.5644,-7.6628
2026-09-18,30.4,17.3,0.0,0,10.8,21.6,2,Ait Ourir,31.5644,-7.6628
2026-09-19,34.7,19.7,0.8,3,15.0,49.0,80,Ait Ourir,31.5644,-7.6628
2026-09-20,37.2,23.9,0.3,18,12.7,27.4,3,Ait Ourir,31.5644,-7.6628
2026-09-21,36.1,24.2,0.0,5,14.8,30.6,3,Ait Ourir,31.5644,-7.6628
2026-09-22,35.9,22.1,0.0,5,15.9,32.8,3,Ait Ourir,31.5644,-7.6628
2026-09-16,31.6,20.8,0.0,0,18.6,35.3,1,Oulad Tayeb,33.9598,-4.9954
2026-09-17,28.4,18.1,0.0,0,13.9,28.4,45,Oulad Tayeb,33.9598,-4.9954
2026-09-18,30.7,17.8,0.0,0,12.8,25.9,3,Oulad Tayeb,33.9598,-4.9954
2026-09-19,33.7,19.3,0.0,0,17.9,34.9,1,Oulad Tayeb,33.9598,-4.9954
2026-09-20,35.0,20.9,0.0,3,18.1,35.3,2,Oulad Tayeb,33.9598,-4.9954
2026-09-21,34.0,20.9,0.0,0,14.7,33.6,1,Oulad Tayeb,33.9598,-4.9954
2026-09-22,34.6,19.9,0.0,0,10.2,25.6,3,Oulad Tayeb,33.9598,-4.9954
2026-09-16,26.2,20.4,0.0,0,14.8,37.8,45,Tit Mellil,33.5533,-7.4822
2026-09-17,26.0,19.0,0.0,0,14.3,36.7,3,Tit Mellil,33.5533,-7.4822
2026-09-18,25.5,17.3,0.0,0,14.5,37.8,45,Tit Mellil,33.5533,-7.4822
2026-09-19,27.8,17.9,0.0,0,13.5,35.3,45,Tit Mellil,33.5533,-7.4822
2026-09-20,31.2,21.4,0.0,0,11.4,32.0,2,Tit Mellil,33.5533,-7.4822
2026-09-21,30.1,21.7,0.0,0,12.7,36.0,45,Tit Mellil,33.5533,-7.4822
2026-09-22,28.5,21.1,0.0,0,11.5,30.2,45,Tit Mellil,33.5533,-7.4822
2026-09-16,30.8,18.4,0.0,0,21.3,37.1,2,Sidi Bennour,32.655,-8.4292
2026-09-17,28.3,17.7,0.0,0,20.7,37.1,2,Sidi Bennour,32.655,-8.4292
2026-09-18,29.8,16.3,0.0,0,21.2,37.4,45,Sidi Bennour,32.655,-8.4292
2026-09-19,32.7,16.8,0.0,0,19.7,33.8,45,Sidi Bennour,32.655,-8.4292
2026-09-20,38.6,20.2,0.0,3,15.5,28.4,2,Sidi Bennour,32.655,-8.4292
2026-09-21,35.4,21.1,0.0,2,16.3,30.6,2,Sidi Bennour,32.655,-8.4292
2026-09-22,36.8,17.3,0.0,3,17.6,33.1,45,Sidi Bennour,32.655,-8.4292
2026-09-16,32.1,22.6,0.0,0,16.3,36.4,1,Temsia,30.3633,-9.4144
2026-09-17,28.7,20.7,0.0,0,19.9,43.2,3,Temsia,30.3633,-9.4144
2026-09-18,27.7,19.9,0.0,0,20.3,44.6,2,Temsia,30.3633,-9.4144
2026-09-19,28.2,20.8,0.0,0,20.5,43.9,3,Temsia,30.3633,-9.4144
2026-09-20,28.3,20.3,0.0,0,20.3,45.4,2,Temsia,30.3633,-9.4144
2026-09-21,36.2,20.5,0.0,0,23.0,40.7,45,Temsia,30.3633,-9.4144
2026-09-22,40.8,22.2,0.0,0,13.6,27.0,3,Temsia,30.3633,-9.4144
2026-09-16,34.2,23.0,0.0,0,28.9,47.5,1,Biougra,30.2144,-9.3708
2026-09-17,27.9,20.9,0.0,0,31.2,51.5,3,Biougra,30.2144,-9.3708
2026-09-18,27.8,19.9,0.0,0,25.6,42.1,2,Biougra,30.2144,-9.3708
2026-09-19,28.3,20.5,0.0,0,20.1,33.8,2,Biougra,30.2144,-9.3708
2026-09-20,28.6,20.7,0.0,0,20.6,35.3,2,Biougra,30.2144,-9.3708
2026-09-21,33.3,21.2,0.0,0,20.7,35.3,3,Biougra,30.2144,-9.3708
2026-09-22,39.3,21.3,0.0,0,14.3,27.4,3,Biougra,30.2144,-9.3708
2026-09-16,28.3,19.2,0.0,0,12.4,22.7,3,Al Hoceïma,35.2472,-3.9322
2026-09-17,25.4,19.1,0.2,33,14.8,27.0,3,Al Hoceïma,35.2472,-3.9322
2026-09-18,26.1,19.0,0.0,3,19.2,34.6,45,Al Hoceïma,35.2472,-3.9322
2026-09-19,28.6,18.9,0.0,0,26.8,48.6,2,Al Hoceïma,35.2472,-3.9322
2026-09-20,27.7,22.2,0.0,0,24.7,44.6,3,Al Hoceïma,35.2472,-3.9322
2026-09-21,27.7,20.8,0.0,0,21.5,42.5,2,Al Hoceïma,35.2472,-3.9322
2026-09-22,26.9,19.5,0.0,0,10.7,19.8,2,Al Hoceïma,35.2472,-3.9322
2026-09-16,34.6,18.7,0.0,0,13.2,23.8,1,Qasbat Tadla,32.6,-6.26
2026-09-17,32.6,17.4,0.0,0,13.1,25.2,1,Qasbat Tadla,32.6,-6.26
2026-09-18,33.6,18.1,0.0,0,13.5,25.6,3,Qasbat Tadla,32.6,-6.26
2026-09-19,37.6,20.3,0.0,0,13.5,24.8,2,Qasbat Tadla,32.6,-6.26
2026-09-20,39.7,23.2,0.0,10,13.3,25.9,3,Qasbat Tadla,32.6,-6.26
2026-09-21,37.6,22.7,0.3,6,14.3,25.9,3,Qasbat Tadla,32.6,-6.26
2026-09-22,37.4,19.1,0.0,3,13.3,25.2,2,Qasbat Tadla,32.6,-6.26
2026-09-16,26.9,15.8,0.0,0,18.4,39.2,1,Aziylal,31.96,-6.56
2026-09-17,27.3,14.9,0.0,8,17.1,37.8,3,Aziylal,31.96,-6.56
2026-09-18,26.7,15.4,0.0,0,16.8,36.7,3,Aziylal,31.96,-6.56
2026-09-19,29.0,18.1,0.1,8,17.9,39.2,3,Aziylal,31.96,-6.56
2026-09-20,30.2,20.8,3.6,35,25.5,50.8,80,Aziylal,31.96,-6.56
2026-09-21,28.5,19.7,0.9,8,17.3,34.9,3,Aziylal,31.96,-6.56
2026-09-22,29.3,17.2,0.0,8,22.0,45.0,1,Aziylal,31.96,-6.56
2026-09-16,33.0,18.8,0.0,0,18.4,32.4,2,Boujad,32.7741,-6.3925
2026-09-17,31.7,17.1,0.0,0,17.7,33.1,2,Boujad,32.7741,-6.3925
2026-09-18,32.1,17.5,0.0,0,17.4,36.4,3,Boujad,32.7741,-6.3925
2026-09-19,35.7,19.3,0.0,0,18.0,32.0,2,Boujad,32.7741,-6.3925
2026-09-20,37.7,23.7,0.0,5,15.6,26.3,3,Boujad,32.7741,-6.3925
2026-09-21,35.0,22.8,0.6,3,17.1,33.1,3,Boujad,32.7741,-6.3925
2026-09-22,34.6,23.1,0.0,3,15.0,28.1,2,Boujad,32.7741,-6.3925
2026-09-16,33.2,17.2,0.0,0,15.7,28.1,2,Al Aaroui,35.0104,-3.0073
2026-09-17,27.4,18.0,0.0,0,20.7,35.6,3,Al Aaroui,35.0104,-3.0073
2026-09-18,26.9,18.0,0.0,0,23.9,42.1,45,Al Aaroui,35.0104,-3.0073
2026-09-19,26.4,20.6,0.0,0,29.5,51.5,45,Al Aaroui,35.0104,-3.0073
2026-09-20,25.7,21.4,0.0,0,25.7,45.0,3,Al Aaroui,35.0104,-3.0073
2026-09-21,27.2,20.8,0.0,3,25.5,46.1,3,Al Aaroui,35.0104,-3.0073
2026-09-22,29.0,19.7,0.0,0,17.9,35.3,2,Al Aaroui,35.0104,-3.0073
2026-09-16,30.4,14.1,0.0,0,16.6,33.5,2,Mrirt,33.1654,-5.5634
2026-09-17,30.4,15.2,0.0,3,19.5,41.4,1,Mrirt,33.1654,-5.5634
2026-09-18,30.3,14.3,0.0,0,19.4,38.5,3,Mrirt,33.1654,-5.5634
2026-09-19,32.4,15.9,0.0,2,19.0,41.4,3,Mrirt,33.1654,-5.5634
2026-09-20,34.3,19.2,0.0,10,18.7,39.2,3,Mrirt,33.1654,-5.5634
2026-09-21,32.8,18.3,0.0,8,23.3,45.4,2,Mrirt,33.1654,-5.5634
2026-09-22,31.8,16.6,0.0,8,15.5,29.2,3,Mrirt,33.1654,-5.5634
2026-09-16,31.8,19.4,0.0,0,33.2,51.8,2,Tineghir,31.5147,-5.5328
2026-09-17,29.7,19.0,0.6,38,24.5,40.7,80,Tineghir,31.5147,-5.5328
2026-09-18,31.0,18.2,0.2,35,28.2,56.2,3,Tineghir,31.5147,-5.5328
2026-09-19,30.2,19.4,0.0,16,13.0,20.9,3,Tineghir,31.5147,-5.5328
2026-09-20,30.4,21.0,0.6,15,12.8,22.7,80,Tineghir,31.5147,-5.5328
2026-09-21,29.8,20.1,1.5,18,19.9,30.6,80,Tineghir,31.5147,-5.5328
2026-09-22,32.3,18.1,0.0,20,24.1,37.4,2,Tineghir,31.5147,-5.5328
2026-09-16,25.3,21.1,0.0,0,19.7,34.2,2,Bouknadel,34.1766,-6.6893
2026-09-17,25.1,18.9,0.0,0,13.1,22.7,3,Bouknadel,34.1766,-6.6893
2026-09-18,25.1,17.7,0.0,0,16.4,28.4,45,Bouknadel,34.1766,-6.6893
2026-09-19,29.4,17.2,0.0,0,17.3,29.5,45,Bouknadel,34.1766,-6.6893
2026-09-20,34.0,21.6,0.0,0,17.7,31.7,3,Bouknadel,34.1766,-6.6893
2026-09-21,34.1,22.1,0.0,0,15.2,30.2,1,Bouknadel,34.1766,-6.6893
2026-09-22,28.9,19.3,0.0,0,11.0,25.9,45,Bouknadel,34.1766,-6.6893
2026-09-16,28.7,22.1,0.0,0,28.7,51.5,0,Cabo Bojador,26.1269,-14.4992
2026-09-17,25.3,20.8,0.0,0,32.4,58.0,3,Cabo Bojador,26.1269,-14.4992
2026-09-18,24.9,19.8,0.0,0,26.2,49.3,3,Cabo Bojador,26.1269,-14.4992
2026-09-19,25.1,19.1,0.0,0,23.6,45.0,3,Cabo Bojador,26.1269,-14.4992
2026-09-20,26.0,19.4,0.0,0,26.2,48.6,1,Cabo Bojador,26.1269,-14.4992
2026-09-21,27.2,20.5,0.0,2,24.2,45.7,1,Cabo Bojador,26.1269,-14.4992
2026-09-22,27.1,20.5,0.0,4,25.6,48.2,3,Cabo Bojador,26.1269,-14.4992
2026-09-16,36.7,23.2,0.0,0,10.5,19.1,3,Zagora,30.3316,-5.8376
2026-09-17,34.2,26.0,0.3,15,19.2,32.0,80,Zagora,30.3316,-5.8376
2026-09-18,34.7,23.1,0.0,5,15.2,27.7,3,Zagora,30.3316,-5.8376
2026-09-19,35.7,24.8,0.0,0,20.8,32.4,2,Zagora,30.3316,-5.8376
2026-09-20,36.1,25.0,0.0,0,13.5,25.6,3,Zagora,30.3316,-5.8376
2026-09-21,34.7,25.5,0.6,3,10.8,19.8,80,Zagora,30.3316,-5.8376
2026-09-22,35.8,23.1,0.0,3,28.6,44.6,3,Zagora,30.3316,-5.8376
2026-09-16,26.3,20.4,0.0,0,18.4,33.5,2,Azemmour,33.2833,-8.3333
2026-09-17,26.2,20.0,0.0,0,15.8,29.2,3,Azemmour,33.2833,-8.3333
2026-09-18,26.1,18.5,0.0,0,19.3,34.9,45,Azemmour,33.2833,-8.3333
2026-09-19,27.2,19.8,0.0,0,18.3,33.1,2,Azemmour,33.2833,-8.3333
2026-09-20,29.2,20.5,0.0,0,17.6,32.4,2,Azemmour,33.2833,-8.3333
2026-09-21,28.2,21.2,0.0,0,14.1,28.4,45,Azemmour,33.2833,-8.3333
2026-09-22,27.5,20.7,0.0,0,11.6,24.1,45,Azemmour,33.2833,-8.3333
2026-09-16,28.9,17.7,0.0,0,19.0,38.9,2,El Hajeb,33.6928,-5.3711
2026-09-17,26.7,16.3,0.0,0,18.1,38.2,3,El Hajeb,33.6928,-5.3711
2026-09-18,27.1,15.3,0.0,0,16.6,35.6,3,El Hajeb,33.6928,-5.3711
2026-09-19,31.0,17.4,0.0,3,19.8,42.1,2,El Hajeb,33.6928,-5.3711
2026-09-20,32.8,22.0,0.3,10,21.5,45.4,3,El Hajeb,33.6928,-5.3711
2026-09-21,32.2,21.4,0.0,3,19.5,38.2,1,El Hajeb,33.6928,-5.3711
2026-09-22,31.6,19.9,0.0,3,17.2,34.9,3,El Hajeb,33.6928,-5.3711
2026-09-16,29.9,17.5,0.0,0,19.8,37.4,1,Jerada,34.31,-2.16
2026-09-17,27.2,17.5,0.0,5,16.3,30.6,3,Jerada,34.31,-2.16
2026-09-18,27.5,15.3,0.0,5,23.5,50.8,3,Jerada,34.31,-2.16
2026-09-19,29.4,17.0,0.0,13,25.7,54.0,3,Jerada,34.31,-2.16
2026-09-20,27.6,17.3,0.0,3,21.4,45.7,2,Jerada,34.31,-2.16
2026-09-21,27.9,17.2,0.3,3,20.4,43.6,45,Jerada,34.31,-2.16
2026-09-22,29.7,15.4,0.0,3,19.5,36.7,45,Jerada,34.31,-2.16
2026-09-16,32.7,15.8,0.0,0,21.1,36.4,1,El Aïoun,34.5726,-2.5127
2026-09-17,29.1,16.2,0.0,0,14.8,26.3,3,El Aïoun,34.5726,-2.5127
2026-09-18,29.0,16.0,0.0,0,21.3,36.4,45,El Aïoun,34.5726,-2.5127
2026-09-19,30.0,18.8,0.0,3,22.4,38.2,3,El Aïoun,34.5726,-2.5127
2026-09-20,29.0,20.0,0.0,0,17.3,33.5,3,El Aïoun,34.5726,-2.5127
2026-09-21,29.4,20.0,0.0,0,18.6,35.6,3,El Aïoun,34.5726,-2.5127
2026-09-22,30.4,19.0,0.3,0,13.3,25.2,45,El Aïoun,34.5726,-2.5127
2026-09-16,34.4,21.6,0.0,0,20.0,32.8,1,Tameslouht,31.5,-8.1
2026-09-17,29.7,18.4,0.0,0,14.5,24.1,2,Tameslouht,31.5,-8.1
2026-09-18,31.1,18.2,0.0,0,11.6,20.2,3,Tameslouht,31.5,-8.1
2026-09-19,34.6,20.3,0.0,0,10.8,19.4,2,Tameslouht,31.5,-8.1
2026-09-20,38.3,23.8,0.0,23,13.7,32.0,3,Tameslouht,31.5,-8.1
2026-09-21,36.9,24.2,0.0,5,20.7,34.9,3,Tameslouht,31.5,-8.1
2026-09-22,36.7,24.3,0.3,5,16.1,27.4,80,Tameslouht,31.5,-8.1
2026-09-16,27.8,20.4,0.0,0,22.0,39.6,2,Sidi Yahia El Gharb,34.3058,-6.3058
2026-09-17,27.6,17.9,0.0,0,14.3,26.3,3,Sidi Yahia El Gharb,34.3058,-6.3058
2026-09-18,29.4,16.3,0.0,0,18.2,32.8,45,Sidi Yahia El Gharb,34.3058,-6.3058
2026-09-19,35.1,16.4,0.0,0,18.7,34.9,45,Sidi Yahia El Gharb,34.3058,-6.3058
2026-09-20,39.0,23.2,0.0,0,18.5,34.6,3,Sidi Yahia El Gharb,34.3058,-6.3058
2026-09-21,37.9,23.8,0.0,0,19.2,34.6,1,Sidi Yahia El Gharb,34.3058,-6.3058
2026-09-22,35.4,19.0,0.0,0,16.1,30.6,3,Sidi Yahia El Gharb,34.3058,-6.3058
2026-09-16,35.2,21.8,0.0,0,24.0,38.5,1,Chichaoua,31.5333,-8.7667
2026-09-17,30.0,18.6,0.0,0,20.3,32.4,2,Chichaoua,31.5333,-8.7667
2026-09-18,31.4,18.4,0.0,0,16.4,26.6,3,Chichaoua,31.5333,-8.7667
2026-09-19,34.3,19.2,0.0,0,20.0,32.4,2,Chichaoua,31.5333,-8.7667
2026-09-20,35.9,22.7,0.0,5,22.4,38.5,3,Chichaoua,31.5333,-8.7667
2026-09-21,36.8,23.1,0.0,1,20.5,36.4,3,Chichaoua,31.5333,-8.7667
2026-09-22,37.3,22.7,1.2,0,13.4,27.7,80,Chichaoua,31.5333,-8.7667
2026-09-16,33.0,18.7,0.0,0,18.2,33.5,1,Al ’Attawia,31.83,-7.31
2026-09-17,28.9,17.1,0.0,0,14.7,28.8,45,Al ’Attawia,31.83,-7.31
2026-09-18,30.3,16.8,0.0,0,13.4,25.6,3,Al ’Attawia,31.83,-7.31
2026-09-19,34.4,18.7,0.0,0,15.1,28.1,2,Al ’Attawia,31.83,-7.31
2026-09-20,37.3,21.9,0.0,13,21.0,48.6,3,Al ’Attawia,31.83,-7.31
2026-09-21,34.3,22.4,0.3,3,12.6,27.0,80,Al ’Attawia,31.83,-7.31
2026-09-22,35.9,18.6,0.0,3,19.3,34.9,2,Al ’Attawia,31.83,-7.31
2026-09-16,33.4,19.5,0.0,0,23.5,38.9,2,Tabount,30.9014,-6.9217
2026-09-17,30.7,19.5,0.3,30,31.7,51.8,80,Tabount,30.9014,-6.9217
2026-09-18,31.9,18.4,0.3,3,13.3,22.0,80,Tabount,30.9014,-6.9217
2026-09-19,31.6,20.3,0.0,2,12.7,26.3,3,Tabount,30.9014,-6.9217
2026-09-20,32.5,20.2,0.0,3,19.3,31.0,3,Tabount,30.9014,-6.9217
2026-09-21,31.1,21.3,0.0,3,16.0,30.2,3,Tabount,30.9014,-6.9217
2026-09-22,32.1,17.3,0.3,3,31.6,53.3,3,Tabount,30.9014,-6.9217
2026-09-16,34.0,19.2,0.0,0,11.6,26.3,2,Zaïo,34.9396,-2.7334
2026-09-17,27.5,19.3,0.0,0,17.9,35.6,3,Zaïo,34.9396,-2.7334
2026-09-18,27.8,18.7,0.0,3,16.6,35.6,45,Zaïo,34.9396,-2.7334
2026-09-19,27.6,20.3,0.0,0,26.6,54.0,3,Zaïo,34.9396,-2.7334
2026-09-20,27.4,21.2,0.0,0,24.0,46.4,3,Zaïo,34.9396,-2.7334
2026-09-21,27.8,20.5,0.0,3,26.7,47.9,3,Zaïo,34.9396,-2.7334
2026-09-22,28.8,19.7,0.0,0,19.5,34.9,45,Zaïo,34.9396,-2.7334
2026-09-16,29.5,15.9,0.0,0,17.9,35.3,1,Aguelmous,33.1324,-5.8366
2026-09-17,29.6,15.8,0.0,0,18.3,36.0,1,Aguelmous,33.1324,-5.8366
2026-09-18,29.6,15.5,0.0,0,17.4,37.1,3,Aguelmous,33.1324,-5.8366
2026-09-19,32.1,16.3,0.0,3,18.8,39.2,3,Aguelmous,33.1324,-5.8366
2026-09-20,33.0,20.4,0.0,15,27.2,53.6,3,Aguelmous,33.1324,-5.8366
2026-09-21,32.7,19.4,0.3,5,22.6,45.4,3,Aguelmous,33.1324,-5.8366
2026-09-22,31.3,18.6,0.0,5,19.3,37.4,3,Aguelmous,33.1324,-5.8366
2026-09-16,24.8,18.9,0.0,0,19.8,35.6,3,Asilah,35.4667,-6.0333
2026-09-17,24.4,18.6,0.0,0,15.5,29.5,3,Asilah,35.4667,-6.0333
2026-09-18,28.0,16.2,0.0,0,24.1,43.6,45,Asilah,35.4667,-6.0333
2026-09-19,29.5,22.4,0.0,0,34.6,63.7,2,Asilah,35.4667,-6.0333
2026-09-20,30.0,23.7,0.0,0,33.8,64.4,0,Asilah,35.4667,-6.0333
2026-09-21,35.7,23.1,0.0,0,21.7,40.0,0,Asilah,35.4667,-6.0333
2026-09-22,35.0,22.1,0.0,0,14.3,28.4,1,Asilah,35.4667,-6.0333
2026-09-16,29.6,20.8,0.0,0,12.3,22.7,1,Imzouren,35.1464,-3.8506
2026-09-17,25.7,18.1,0.1,0,15.2,28.8,3,Imzouren,35.1464,-3.8506
2026-09-18,26.6,18.9,0.0,3,18.4,32.8,45,Imzouren,35.1464,-3.8506
2026-09-19,29.9,18.6,0.0,0,25.0,48.2,3,Imzouren,35.1464,-3.8506
2026-09-20,28.9,20.8,0.0,0,23.1,41.0,2,Imzouren,35.1464,-3.8506
2026-09-21,30.0,19.6,0.0,0,16.8,33.8,2,Imzouren,35.1464,-3.8506
2026-09-22,29.5,19.3,0.0,0,11.6,23.4,2,Imzouren,35.1464,-3.8506
2026-09-16,28.1,19.5,0.0,0,17.9,32.4,2,Mediouna,33.4556,-7.5208
2026-09-17,27.6,18.3,0.0,0,16.7,31.0,3,Mediouna,33.4556,-7.5208
2026-09-18,27.9,16.3,0.0,0,18.3,33.5,45,Mediouna,33.4556,-7.5208
2026-09-19,31.1,17.4,0.0,0,18.2,32.8,45,Mediouna,33.4556,-7.5208
2026-09-20,35.5,21.1,0.0,0,18.0,32.8,2,Mediouna,33.4556,-7.5208
2026-09-21,31.3,22.4,0.0,0,12.7,36.0,45,Mediouna,33.4556,-7.5208
2026-09-22,28.1,20.7,0.0,0,11.5,30.2,45,Mediouna,33.4556,-7.5208
2026-09-16,30.1,17.4,0.0,0,17.6,33.8,1,Demnat,31.7311,-7.0361
2026-09-17,26.0,15.1,0.0,0,13.7,27.7,2,Demnat,31.7311,-7.0361
2026-09-18,27.9,14.8,0.0,0,12.3,23.8,3,Demnat,31.7311,-7.0361
2026-09-19,32.1,18.3,0.0,0,14.7,28.8,3,Demnat,31.7311,-7.0361
2026-09-20,34.8,21.8,0.0,20,13.4,37.4,3,Demnat,31.7311,-7.0361
2026-09-21,32.3,23.0,0.0,5,11.8,27.0,3,Demnat,31.7311,-7.0361
2026-09-22,33.1,19.8,0.0,5,19.5,38.9,2,Demnat,31.7311,-7.0361
2026-09-16,31.5,20.3,0.0,0,20.3,38.9,1,Aïn Taoujdat,33.9333,-5.2167
2026-09-17,27.2,17.6,0.0,0,15.0,29.9,45,Aïn Taoujdat,33.9333,-5.2167
2026-09-18,29.9,16.7,0.0,0,14.7,28.8,3,Aïn Taoujdat,33.9333,-5.2167
2026-09-19,33.9,18.3,0.0,0,16.6,31.7,2,Aïn Taoujdat,33.9333,-5.2167
2026-09-20,35.3,19.9,0.0,5,18.5,34.6,2,Aïn Taoujdat,33.9333,-5.2167
2026-09-21,35.1,20.0,0.0,1,13.6,26.3,1,Aïn Taoujdat,33.9333,-5.2167
2026-09-22,34.7,19.1,0.0,0,14.5,26.6,3,Aïn Taoujdat,33.9333,-5.2167
2026-09-16,29.1,19.4,0.0,0,19.4,33.8,2,Sidi Smai’il,32.8167,-8.5
2026-09-17,27.3,18.6,0.0,0,18.5,32.8,2,Sidi Smai’il,32.8167,-8.5
2026-09-18,28.8,17.0,0.0,0,20.9,36.7,3,Sidi Smai’il,32.8167,-8.5
2026-09-19,31.1,17.7,0.0,0,17.6,30.6,3,Sidi Smai’il,32.8167,-8.5
2026-09-20,36.6,21.2,0.0,0,16.7,30.2,2,Sidi Smai’il,32.8167,-8.5
2026-09-21,32.0,20.9,0.0,0,14.8,26.6,45,Sidi Smai’il,32.8167,-8.5
2026-09-22,33.1,18.4,0.0,3,15.6,29.2,45,Sidi Smai’il,32.8167,-8.5
2026-09-16,24.7,19.0,0.0,0,18.6,31.0,45,Moulay Bousselham,34.8786,-6.2933
2026-09-17,25.0,18.3,0.0,0,13.2,22.0,3,Moulay Bousselham,34.8786,-6.2933
2026-09-18,24.6,15.3,0.0,0,19.5,32.4,45,Moulay Bousselham,34.8786,-6.2933
2026-09-19,29.2,17.6,0.0,0,16.3,27.4,45,Moulay Bousselham,34.8786,-6.2933
2026-09-20,34.4,20.1,0.0,0,16.1,27.4,3,Moulay Bousselham,34.8786,-6.2933
2026-09-21,34.9,20.6,0.0,0,18.7,33.1,0,Moulay Bousselham,34.8786,-6.2933
2026-09-22,33.0,19.0,0.0,0,18.1,34.2,1,Moulay Bousselham,34.8786,-6.2933
2026-09-16,29.4,19.2,0.0,0,20.0,37.8,45,Mechraa Bel Ksiri,34.56,-5.95
2026-09-17,29.0,18.7,0.0,0,14.4,27.0,3,Mechraa Bel Ksiri,34.56,-5.95
2026-09-18,31.2,16.0,0.0,0,18.6,34.6,45,Mechraa Bel Ksiri,34.56,-5.95
2026-09-19,36.6,17.7,0.0,0,16.2,30.2,45,Mechraa Bel Ksiri,34.56,-5.95
2026-09-20,38.9,24.0,0.0,0,22.8,43.6,1,Mechraa Bel Ksiri,34.56,-5.95
2026-09-21,37.9,24.2,0.0,0,21.1,39.4,0,Mechraa Bel Ksiri,34.56,-5.95
2026-09-22,37.0,22.0,0.0,0,12.3,28.8,3,Mechraa Bel Ksiri,34.56,-5.95
2026-09-16,31.2,19.8,0.0,0,20.6,38.2,3,Souk et Tnine Jorf el Mellah,34.4945,-5.5047
2026-09-17,29.6,19.4,0.0,0,13.3,24.1,3,Souk et Tnine Jorf el Mellah,34.4945,-5.5047
2026-09-18,32.1,16.5,0.0,0,11.2,20.9,45,Souk et Tnine Jorf el Mellah,34.4945,-5.5047
2026-09-19,36.8,19.1,0.0,0,18.7,34.9,2,Souk et Tnine Jorf el Mellah,34.4945,-5.5047
2026-09-20,38.2,24.2,0.0,0,22.1,42.1,1,Souk et Tnine Jorf el Mellah,34.4945,-5.5047
2026-09-21,37.2,24.6,0.0,0,20.1,38.0,0,Souk et Tnine Jorf el Mellah,34.4945,-5.5047
2026-09-22,37.2,23.1,0.0,0,15.7,30.2,3,Souk et Tnine Jorf el Mellah,34.4945,-5.5047
2026-09-16,32.4,18.6,0.0,0,11.2,22.0,1,Zeghanghane,35.1575,-3.0017
2026-09-17,27.3,19.6,0.0,0,16.1,31.0,3,Zeghanghane,35.1575,-3.0017
2026-09-18,26.7,19.3,0.0,3,20.1,38.5,45,Zeghanghane,35.1575,-3.0017
2026-09-19,25.9,21.5,0.2,0,27.7,55.1,3,Zeghanghane,35.1575,-3.0017
2026-09-20,25.7,22.2,1.2,3,23.7,43.2,80,Zeghanghane,35.1575,-3.0017
2026-09-21,26.1,21.7,0.6,3,21.6,39.2,2,Zeghanghane,35.1575,-3.0017
2026-09-22,27.4,20.5,0.0,0,19.0,34.6,45,Zeghanghane,35.1575,-3.0017
2026-09-16,37.1,22.5,0.0,5,25.2,45.7,1,Oulad Barhil,30.6408,-8.475
2026-09-17,30.3,17.8,0.0,3,30.0,52.9,3,Oulad Barhil,30.6408,-8.475
2026-09-18,31.1,18.1,0.0,0,27.6,49.7,3,Oulad Barhil,30.6408,-8.475
2026-09-19,36.3,20.8,0.1,3,23.2,40.7,3,Oulad Barhil,30.6408,-8.475
2026-09-20,38.1,23.1,0.0,0,25.3,46.8,3,Oulad Barhil,30.6408,-8.475
2026-09-21,38.8,21.2,0.0,0,30.1,54.4,3,Oulad Barhil,30.6408,-8.475
2026-09-22,37.2,19.8,0.0,0,17.3,30.6,3,Oulad Barhil,30.6408,-8.475
2026-09-16,26.2,20.2,0.0,0,18.1,35.3,45,Bir Jdid,33.3737,-8.0002
2026-09-17,26.0,18.4,0.0,0,17.4,33.8,3,Bir Jdid,33.3737,-8.0002
2026-09-18,26.2,17.8,0.0,0,18.4,36.0,3,Bir Jdid,33.3737,-8.0002
2026-09-19,27.7,18.7,0.0,0,17.8,34.2,45,Bir Jdid,33.3737,-8.0002
2026-09-20,30.7,20.8,0.0,0,15.4,29.5,2,Bir Jdid,33.3737,-8.0002
2026-09-21,29.9,22.1,0.0,0,14.8,30.6,45,Bir Jdid,33.3737,-8.0002
2026-09-22,28.6,20.0,0.0,0,13.9,27.0,45,Bir Jdid,33.3737,-8.0002
2026-09-16,29.2,18.6,0.0,0,14.7,24.1,2,Bou Arfa,32.531,-1.9631
2026-09-17,31.6,17.3,0.1,15,21.8,52.2,3,Bou Arfa,32.531,-1.9631
2026-09-18,28.4,17.5,0.4,14,16.6,26.6,3,Bou Arfa,32.531,-1.9631
2026-09-19,30.0,17.6,0.0,18,20.1,32.8,3,Bou Arfa,32.531,-1.9631
2026-09-20,30.8,17.5,0.6,13,17.7,31.0,3,Bou Arfa,32.531,-1.9631
2026-09-21,27.3,18.5,1.5,22,13.7,23.8,3,Bou Arfa,32.531,-1.9631
2026-09-22,27.6,16.0,0.0,23,9.1,13.7,3,Bou Arfa,32.531,-1.9631
2026-09-16,30.8,18.7,0.0,0,18.8,36.0,1,Tahannawt,31.3514,-7.9508
2026-09-17,26.4,15.2,0.0,0,13.1,26.6,2,Tahannawt,31.3514,-7.9508
2026-09-18,28.1,15.2,0.0,0,13.1,25.9,2,Tahannawt,31.3514,-7.9508
2026-09-19,31.5,18.7,0.0,10,15.2,29.2,3,Tahannawt,31.3514,-7.9508
2026-09-20,34.4,23.2,0.0,33,14.3,28.8,3,Tahannawt,31.3514,-7.9508
2026-09-21,34.2,23.2,0.0,5,18.2,32.0,3,Tahannawt,31.3514,-7.9508
2026-09-22,33.7,23.3,0.6,9,16.0,30.6,3,Tahannawt,31.3514,-7.9508
2026-09-16,35.1,23.9,0.0,3,10.2,18.4,3,Arfoud,31.4361,-4.2328
2026-09-17,34.2,22.5,0.1,33,23.2,36.4,3,Arfoud,31.4361,-4.2328
2026-09-18,33.6,20.3,0.0,5,15.8,26.6,3,Arfoud,31.4361,-4.2328
2026-09-19,33.9,22.3,0.0,4,17.8,29.5,2,Arfoud,31.4361,-4.2328
2026-09-20,33.6,23.1,0.3,5,11.9,19.1,80,Arfoud,31.4361,-4.2328
2026-09-21,33.4,22.6,0.9,10,18.1,32.0,3,Arfoud,31.4361,-4.2328
2026-09-22,33.4,19.6,0.0,12,7.8,13.7,2,Arfoud,31.4361,-4.2328
2026-09-16,31.3,19.3,0.0,0,18.4,35.3,1,Tahla,34.05,-4.42
2026-09-17,28.9,17.3,0.0,0,13.3,25.6,3,Tahla,34.05,-4.42
2026-09-18,31.2,16.3,0.0,0,14.1,27.0,3,Tahla,34.05,-4.42
2026-09-19,32.4,20.0,0.0,0,25.5,49.7,2,Tahla,34.05,-4.42
2026-09-20,33.5,21.6,0.0,3,24.2,47.9,1,Tahla,34.05,-4.42
2026-09-21,32.3,20.9,0.0,0,15.9,32.0,1,Tahla,34.05,-4.42
2026-09-22,33.6,20.5,0.0,0,10.9,20.9,2,Tahla,34.05,-4.42
2026-09-16,32.4,18.0,0.0,0,23.4,36.7,1,Missour,33.05,-3.9908
2026-09-17,30.8,17.1,0.2,18,22.2,35.6,3,Missour,33.05,-3.9908
2026-09-18,30.5,15.7,0.0,15,31.3,50.0,3,Missour,33.05,-3.9908
2026-09-19,32.5,16.9,0.0,15,28.7,50.8,3,Missour,33.05,-3.9908
2026-09-20,31.3,18.3,0.0,20,24.5,42.1,3,Missour,33.05,-3.9908
2026-09-21,30.2,18.3,0.0,10,26.2,40.3,3,Missour,33.05,-3.9908
2026-09-22,30.5,17.0,0.0,9,8.5,20.5,3,Missour,33.05,-3.9908
2026-09-16,34.9,21.8,0.0,0,25.2,41.8,1,Sidi Lmokhtar,31.57,-9.01
2026-09-17,29.2,18.2,0.0,0,23.5,38.5,2,Sidi Lmokhtar,31.57,-9.01
2026-09-18,31.2,17.8,0.0,0,19.1,31.3,3,Sidi Lmokhtar,31.57,-9.01
2026-09-19,34.0,18.7,0.0,0,14.8,28.1,2,Sidi Lmokhtar,31.57,-9.01
2026-09-20,36.2,23.2,0.0,0,17.7,33.8,3,Sidi Lmokhtar,31.57,-9.01
2026-09-21,35.3,22.9,0.0,0,19.1,34.6,1,Sidi Lmokhtar,31.57,-9.01
2026-09-22,36.6,21.2,0.0,0,21.2,35.6,3,Sidi Lmokhtar,31.57,-9.01
2026-09-16,30.8,19.1,0.0,0,18.9,41.8,2,Douar Toulal,33.8951,-5.6021
2026-09-17,28.0,17.4,0.0,0,15.2,34.6,3,Douar Toulal,33.8951,-5.6021
2026-09-18,29.5,16.2,0.0,0,14.9,34.6,3,Douar Toulal,33.8951,-5.6021
2026-09-19,34.7,18.6,0.0,0,11.9,27.0,2,Douar Toulal,33.8951,-5.6021
2026-09-20,36.9,21.3,0.0,5,15.9,35.3,2,Douar Toulal,33.8951,-5.6021
2026-09-21,35.8,21.6,0.0,1,16.6,32.8,1,Douar Toulal,33.8951,-5.6021
2026-09-22,34.7,21.0,0.0,0,15.8,30.6,3,Douar Toulal,33.8951,-5.6021
2026-09-16,34.9,21.7,0.0,0,12.0,22.3,1,Oulad Yaïch,32.4167,-6.3333
2026-09-17,32.0,18.1,0.0,0,13.5,24.1,1,Oulad Yaïch,32.4167,-6.3333
2026-09-18,33.4,18.6,0.0,0,7.8,16.2,3,Oulad Yaïch,32.4167,-6.3333
2026-09-19,37.8,20.7,0.0,0,12.3,29.5,3,Oulad Yaïch,32.4167,-6.3333
2026-09-20,39.7,24.7,0.0,5,15.7,43.9,3,Oulad Yaïch,32.4167,-6.3333
2026-09-21,36.6,25.2,0.9,3,19.1,35.6,3,Oulad Yaïch,32.4167,-6.3333
2026-09-22,36.6,26.2,0.0,3,19.7,36.7,2,Oulad Yaïch,32.4167,-6.3333
2026-09-16,32.1,17.5,0.0,0,12.5,23.0,1,Zawyat ech Cheïkh,32.6541,-5.9214
2026-09-17,30.6,15.7,0.0,0,13.0,24.1,1,Zawyat ech Cheïkh,32.6541,-5.9214
2026-09-18,31.7,15.4,0.0,0,10.8,20.5,3,Zawyat ech Cheïkh,32.6541,-5.9214
2026-09-19,35.5,17.9,0.0,0,17.2,30.6,2,Zawyat ech Cheïkh,32.6541,-5.9214
2026-09-20,37.4,21.0,0.0,13,11.6,29.9,3,Zawyat ech Cheïkh,32.6541,-5.9214
2026-09-21,35.9,20.6,0.6,5,14.4,26.6,3,Zawyat ech Cheïkh,32.6541,-5.9214
2026-09-22,35.2,21.2,0.0,5,16.3,29.2,2,Zawyat ech Cheïkh,32.6541,-5.9214
2026-09-16,30.6,20.5,0.0,0,26.8,47.2,1,Imi-n-Tanout,31.177,-8.8504
2026-09-17,25.4,16.2,0.0,0,19.1,33.1,45,Imi-n-Tanout,31.177,-8.8504
2026-09-18,27.3,16.2,0.0,0,17.1,30.2,3,Imi-n-Tanout,31.177,-8.8504
2026-09-19,30.3,20.3,0.0,3,15.9,31.0,2,Imi-n-Tanout,31.177,-8.8504
2026-09-20,33.3,24.2,0.9,35,20.3,34.6,80,Imi-n-Tanout,31.177,-8.8504
2026-09-21,33.3,24.7,0.6,5,20.5,37.8,1,Imi-n-Tanout,31.177,-8.8504
2026-09-22,33.0,24.5,1.2,5,12.0,20.9,80,Imi-n-Tanout,31.177,-8.8504
2026-09-16,32.2,20.6,0.0,0,20.6,38.2,2,Sebt Gzoula,32.1219,-9.0889
2026-09-17,28.1,18.3,0.0,0,18.9,35.6,3,Sebt Gzoula,32.1219,-9.0889
2026-09-18,30.2,18.1,0.0,0,18.9,35.6,1,Sebt Gzoula,32.1219,-9.0889
2026-09-19,32.3,18.2,0.0,0,15.6,29.5,2,Sebt Gzoula,32.1219,-9.0889
2026-09-20,33.3,22.6,0.0,0,19.2,36.4,3,Sebt Gzoula,32.1219,-9.0889
2026-09-21,31.4,20.4,0.0,0,11.8,22.3,3,Sebt Gzoula,32.1219,-9.0889
2026-09-22,31.0,19.0,0.0,0,12.7,23.4,3,Sebt Gzoula,32.1219,-9.0889
2026-09-16,37.9,22.3,0.0,0,39.7,57.6,0,Tifariti,26.158,-10.567
2026-09-17,31.5,17.8,0.0,0,36.5,53.6,1,Tifariti,26.158,-10.567
2026-09-18,29.7,16.0,0.0,0,34.7,53.3,3,Tifariti,26.158,-10.567
2026-09-19,31.3,16.5,0.0,0,24.8,36.4,3,Tifariti,26.158,-10.567
2026-09-20,37.5,18.4,0.0,2,12.8,23.0,0,Tifariti,26.158,-10.567
2026-09-21,38.4,24.1,0.0,8,16.0,48.2,1,Tifariti,26.158,-10.567
2026-09-22,38.8,26.1,0.0,5,26.3,39.6,0,Tifariti,26.158,-10.567
